{"token": "ya29.a0ARrdaM_QjGXPYfXXBLIKhia59Z-fsWB5h8p7HvjcKadPTg0CZTYL8CMp9zZ6WBenBPyLK3eDlwAlcKjEQfVUQHNc4vqxrojGCEafkeD0mrKj667bizhqkp2nQcOKI4lWknRl6TQ0edfEnkcxoon-J0pfUXOA", "refresh_token": "1//09nBdj9ar9htUCgYIARAAGAkSNwF-L9IrGdwTMvI6pK0vwD8EvJUTwS1LcJ3E92CxTLIlqA5GEWmqtNRcPPvdM5l72fZhyLgLRLg", "token_uri": "https://oauth2.googleapis.com/token", "client_id": "578565604923-t07gq31b6t3uq1p8d23isqql2vgnjjcb.apps.googleusercontent.com", "client_secret": "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", "scopes": ["https://www.googleapis.com/auth/drive"], "expiry": "2021-11-14T13:38:40.710680Z"}